{"linePoints":[-0.3506944444444444,0.23090277777777768,-0.2152777777777778,0.23090277777777768,-0.07118055555555558,0.23090277777777768,0.4288194444444444,0.23090277777777768,0.07986111111111116,0.22916666666666674,0.07986111111111116,-0.04513888888888884,0.6927083333333333,0.13541666666666674,0.6961805555555556,0.13715277777777768,-0.3524305555555556,0.7170138888888888,-0.02430555555555558,0.7152777777777777,0.08506944444444442,0.9565972222222223,0.08333333333333326,0.7135416666666667,0.07986111111111116,0.23090277777777768,0.08159722222222232,0.515625,-0.0625,0.5121527777777777,-0.35416666666666663,0.5138888888888888,-0.1597222222222222,0.5138888888888888,-0.1597222222222222,0.6145833333333333,0.20138888888888884,0.5121527777777777,0.4253472222222223,0.5121527777777777,-0.02777777777777779,0.7152777777777777,0.02083333333333326,0.7934027777777777,-0.1597222222222222,0.6163194444444444,-0.2465277777777778,0.6770833333333333,-0.21701388888888884,0.23263888888888884,-0.11111111111111116,0.33854166666666674,0.20138888888888884,0.5121527777777777,0.0625,0.5902777777777777,0.15451388888888884,0.8090277777777777,0.3506944444444444,0.8732638888888888,0.15277777777777768,0.875,0.3506944444444444,0.8090277777777777,0.34895833333333326,0.31770833333333326,0.421875,0.24131944444444442],"lineColors":[[0,0,0,1,0,0,0,1],[0,0,0,1,0,0,0,1],[0,0,0,1,0,0,0,1],[0,0,0,1,0,0,0,1],[0,0,0,1,0,0,0,1],[0,0,0,1,0,0,0,1],[0,0,0,1,0,0,0,1],[0,0,0,1,0,0,0,1],[0,0,0,1,0,0,0,1],[0,0,0,1,0,0,0,1],[0,0,0,1,0,0,0,1],[0,0,0,1,0,0,0,1],[0,0,0,1,0,0,0,1],[0,0,0,1,0,0,0,1],[1,0,0,1,1,0,0,1],[1,0,0,1,1,0,0,1],[0,0,0,1,0,0,0,1]],"squareColors":[[0,0,0,1,0,0,0,1],[0,0,0,1,0,0,0,1]],"squarePoints":[],"arrayOfSquareColors":[[[0,0,0,1,0,0,0,1],[0,0,0,1,0,0,0,1]]],"arrayOfSquarePoints":[[0.21527649168412313,0.06799007563494054,0.2954204275180561,0.06799007563494054,0.2954204275180561,-0.012153860198991943,0.21527649168412313,-0.012153860198991943]],"rectanglePoints":[],"rectangleColors":[[0.38823529411764707,0.09411764705882353,0.09411764705882353,1,0.38823529411764707,0.09411764705882353,0.09411764705882353,1],[0.38823529411764707,0.09411764705882353,0.09411764705882353,1,0.38823529411764707,0.09411764705882353,0.09411764705882353,1]],"arrayOfRectanglePoints":[[-0.3524305555555556,0.9565972222222223,0.42708333333333326,0.9565972222222223,0.42708333333333326,-0.171875,-0.3524305555555556,-0.171875],[-0.3524305555555556,0.08506944444444442,-0.24305555555555558,0.08506944444444442,-0.24305555555555558,-0.17013888888888884,-0.3524305555555556,-0.17013888888888884],[0.35416666666666674,0.8732638888888888,0.15451388888888884,0.8732638888888888,0.15451388888888884,0.8055555555555556,0.35416666666666674,0.8055555555555556],[-0.3524305555555556,0.46354166666666674,-0.3038194444444444,0.46354166666666674,-0.3038194444444444,0.3055555555555556,-0.3524305555555556,0.3055555555555556]],"arrayOfRectangleColors":[[[0,0,0,1,0,0,0,1],[0,0,0,1,0,0,0,1],[0,0,0,1,0,0,0,1],[0,0,0,1,0,0,0,1]],[[0,0,0,1,0,0,0,1],[0,0,0,1,0,0,0,1],[0,0,0,1,0,0,0,1],[0,0,0,1,0,0,0,1]],[[0,0,0,1,0,0,0,1],[0,0,0,1,0,0,0,1]],[[0.38823529411764707,0.09411764705882353,0.09411764705882353,1,0.38823529411764707,0.09411764705882353,0.09411764705882353,1],[0.38823529411764707,0.09411764705882353,0.09411764705882353,1,0.38823529411764707,0.09411764705882353,0.09411764705882353,1]]],"polygonPoints":[],"polygonColors":[],"currNumPoly":0,"arrPolygonPoints":[[-0.2743055555555556,0.6215277777777777,-0.31770833333333337,0.5555555555555556,-0.22743055555555558,0.5555555555555556],[-0.15625,0.9097222222222223,-0.22569444444444442,0.8611111111111112,-0.21180555555555558,0.7708333333333333,-0.09722222222222221,0.7708333333333333,-0.07986111111111116,0.859375],[0.2690972222222223,0.234375,0.4253472222222223,0.234375,0.42708333333333326,0.3940972222222223],[0.21701388888888884,-0.00868055555555558,0.25520833333333326,0.06597222222222232,0.2934027777777777,-0.00694444444444442],[-0.29861111111111116,0.08333333333333326,-0.3506944444444444,-0.04340277777777779,-0.29861111111111116,-0.16666666666666663,-0.2465277777777778,-0.046875],[-0.32638888888888884,0.3038194444444444,-0.3506944444444444,0.3784722222222223,-0.32986111111111116,0.4618055555555556,-0.3055555555555556,0.3784722222222223]],"arrPolygonColors":[[[0,0,0,1,0,0,0,1],[0,0,0,1,0,0,0,1],[0,0,0,1,0,0,0,1],[0,0,0,1,0,0,0,1],[0,0,0,1,0,0,0,1],[0,0,0,1,0,0,0,1]],[[0,0,0,1,0,0,0,1],[0,0,0,1,0,0,0,1],[0,0,0,1,0,0,0,1],[0,0,0,1,0,0,0,1],[0,0,0,1,0,0,0,1],[0,0,0,1,0,0,0,1],[0,0,0,1,0,0,0,1],[0,0,0,1,0,0,0,1],[0,0,0,1,0,0,0,1],[0,0,0,1,0,0,0,1]],[[0,0,0,1,0,0,0,1],[0,0,0,1,0,0,0,1],[0,0,0,1,0,0,0,1],[0,0,0,1,0,0,0,1],[0,0,0,1,0,0,0,1],[0,0,0,1,0,0,0,1]],[[0.2823529411764706,0.8352941176470589,0.08235294117647059,1,0.2823529411764706,0.8352941176470589,0.08235294117647059,1],[0.2823529411764706,0.8352941176470589,0.08235294117647059,1,0.2823529411764706,0.8352941176470589,0.08235294117647059,1],[0.2823529411764706,0.8352941176470589,0.08235294117647059,1,0.2823529411764706,0.8352941176470589,0.08235294117647059,1],[0.2823529411764706,0.8352941176470589,0.08235294117647059,1,0.2823529411764706,0.8352941176470589,0.08235294117647059,1],[0.2823529411764706,0.8352941176470589,0.08235294117647059,1,0.2823529411764706,0.8352941176470589,0.08235294117647059,1],[0.2823529411764706,0.8352941176470589,0.08235294117647059,1,0.2823529411764706,0.8352941176470589,0.08235294117647059,1]],[[1,0,0,1,1,0,0,1],[1,0,0,1,1,0,0,1],[1,0,0,1,1,0,0,1],[1,0,0,1,1,0,0,1],[1,0,0,1,1,0,0,1],[1,0,0,1,1,0,0,1],[1,0,0,1,1,0,0,1],[1,0,0,1,1,0,0,1]],[[0,0.16470588235294117,1,1,0,0.16470588235294117,1,1],[0,0.16470588235294117,1,1,0,0.16470588235294117,1,1],[0,0.16470588235294117,1,1,0,0.16470588235294117,1,1],[0,0.16470588235294117,1,1,0,0.16470588235294117,1,1],[0,0.16470588235294117,1,1,0,0.16470588235294117,1,1],[0,0.16470588235294117,1,1,0,0.16470588235294117,1,1],[0,0.16470588235294117,1,1,0,0.16470588235294117,1,1],[0,0.16470588235294117,1,1,0,0.16470588235294117,1,1]]],"arrNumPoly":[3,5,3,3,4,4]}